nombre,apellido,edad,documento,pais,ciudad,idioma,tipo
Ashlee,,,918966370,Iran,Taylorport,Inglés,empresa
Melanie,Hawkins,54,79969600213,Mayotte,Port Jennifer,Inglés,persona
Christopher,,,924576391,Belize,New Christopher,Inglés,empresa
Eric,Arnold,13,11888445,Cape Verde,North Sarahland,Inglés,persona
Elizabeth,,,978208156,Monaco,North Ericville,Inglés,empresa
Frederick,Chambers,73,86071012786,Brunei Darussalam,East Justinhaven,Inglés,persona
Jeffrey,Griffith,50,89541936470,Israel,East Jacobhaven,Inglés,persona
Sherry,Lewis,69,33186298321,Tunisia,West Kevin,Inglés,persona
Virginia,Campos,56,50984366197,Uzbekistan,West Tyler,Inglés,persona
Patricia,,,954593609,Libyan Arab Jamahiriya,Jesseburgh,Inglés,empresa
Jennifer,Day,50,75739161533,Saint Kitts and Nevis,Brownmouth,Inglés,persona
Juan,,,970709512,Saint Helena,West Mary,Inglés,empresa
Laurie,,,928158697,Sri Lanka,Carolynhaven,Inglés,empresa
Erin,Daniel,49,73653650978,Armenia,Ryanshire,Inglés,persona
Sharon,,,998524948,Malta,Williamston,Inglés,empresa
Victoria,Lewis,20,6140534581,Faroe Islands,Lesliestad,Inglés,persona
Jessica,,,997239390,Congo,Lindachester,Inglés,empresa
Timothy,,,919712817,Lithuania,Jessicaview,Inglés,empresa
Tyler,,,970316882,Togo,East Brandon,Inglés,empresa
Jennifer,Palmer,55,87194541455,Paraguay,Lake Dana,Inglés,persona
Jasmin,,,968933950,Netherlands Antilles,West Tiffanychester,Inglés,empresa
Shannon,,,930910597,Georgia,Pamelafurt,Inglés,empresa
Tony,Patton,40,30944774629,San Marino,Kimberlymouth,Inglés,persona
Christina,Abbott,27,22737044380,Rwanda,Kevinchester,Inglés,persona
Holly,Gallegos,17,11328400,Trinidad and Tobago,Danielhaven,Inglés,persona
Luis,Gonzalez,37,94809837442,Cayman Islands,Cameronfort,Inglés,persona
Jill,Medina,19,58059102832,Somalia,East Phillip,Inglés,persona
Colleen,,,934083719,Somalia,Pierceview,Inglés,empresa
Hannah,,,995908330,Bulgaria,North Jessica,Inglés,empresa
Christopher,Lee,63,75964217411,Senegal,Robertmouth,Inglés,persona
Larry,,,991205272,Antarctica (the territory South of 60 deg S),Jonesville,Inglés,empresa
Marcus,Cochran,15,11869296,Yemen,Lake Robert,Inglés,persona
Justin,,,930864747,Japan,North Rachelview,Inglés,empresa
Anthony,,,910296220,Saint Vincent and the Grenadines,New Donna,Inglés,empresa
Larry,,,993235174,Spain,Lake Katelynton,Inglés,empresa
Daniel,,,997261085,Anguilla,East Tanyaland,Inglés,empresa
Travis,,,988346771,Tunisia,Ashleychester,Inglés,empresa
Alisha,White,78,9924953677,Heard Island and McDonald Islands,Ryanton,Inglés,persona
Kyle,Rowland,22,550841491,French Guiana,Davidchester,Inglés,persona
Caitlin,,,997799552,Antarctica (the territory South of 60 deg S),North Nicolemouth,Inglés,empresa
Jorge,,,943932428,Cape Verde,Jamesview,Inglés,empresa
Kathleen,,,996831878,Saint Lucia,Andrewside,Inglés,empresa
Jeremy,,,973231828,Denmark,New Patrick,Inglés,empresa
Katherine,,,985816266,Netherlands Antilles,Lake Kyle,Inglés,empresa
Lauren,Thomas,15,11882092,Syrian Arab Republic,Bernardtown,Inglés,persona
Patricia,Smith,39,11694185759,Oman,Justinland,Inglés,persona
Jonathan,Scott,15,11391078,Yemen,Damonview,Inglés,persona
Donald,,,971921979,Antigua and Barbuda,Port Travis,Inglés,empresa
Angela,,,932198551,Egypt,Harrisonmouth,Inglés,empresa
Heather,Ward,41,20931177038,Solomon Islands,Derekbury,Inglés,persona
Daniel,,,929018715,Guam,Banksberg,Inglés,empresa
Jonathan,,,915598956,Algeria,Donaldstad,Inglés,empresa
Kevin,,,957331412,Monaco,Michaelmouth,Inglés,empresa
Kathryn,,,974719503,Jersey,Lewistown,Inglés,empresa
Matthew,Lozano,34,56613234677,Bhutan,Williamshire,Inglés,persona
Megan,Cunningham,29,91723256893,Israel,Dayton,Inglés,persona
Carlos,Owens,48,41003105228,Bahamas,Derekton,Inglés,persona
Morgan,,,974720604,Bulgaria,South Hollyfurt,Inglés,empresa
Miranda,Sanchez,60,40603124774,Vietnam,East Michaelmouth,Inglés,persona
Rebecca,,,929693476,Reunion,Morrisonfort,Inglés,empresa
April,Schmitt,47,24485843251,Tunisia,North Cynthiabury,Inglés,persona
Richard,,,910841115,Christmas Island,Port Bryanville,Inglés,empresa
Lauren,,,921199233,Syrian Arab Republic,North Margaretport,Inglés,empresa
Andrew,Nixon,56,88044381031,Madagascar,South Sarah,Inglés,persona
Victor,,,996754977,Guadeloupe,Kaitlynland,Inglés,empresa
Paul,Hubbard,18,52238355415,Egypt,Port Kellytown,Inglés,persona
Stephanie,Robinson,61,43113465458,Guadeloupe,Port Heather,Inglés,persona
Frank,Stewart,33,18144777613,Poland,Markborough,Inglés,persona
Calvin,Brown,34,23999713614,Niger,West Dannytown,Inglés,persona
Eileen,,,935591247,Bahrain,Greenport,Inglés,empresa
Austin,Gibbs,31,49142724804,Cuba,Hillfort,Inglés,persona
Brandon,,,983903869,Malta,Lake Darrenton,Inglés,empresa
Jerry,,,956423983,Hong Kong,Angelashire,Inglés,empresa
Lacey,,,978135581,Bermuda,Lake Amy,Inglés,empresa
Lisa,Ramos,32,33122701076,Bahrain,Port Ianshire,Inglés,persona
Ashley,Conley,67,34175331686,Christmas Island,West Meganchester,Inglés,persona
Adriana,,,923616938,Poland,New Carlosburgh,Inglés,empresa
Leroy,,,958847502,Brunei Darussalam,Sandersport,Inglés,empresa
Richard,,,919462752,Cocos (Keeling) Islands,North Chad,Inglés,empresa
Dustin,,,939722040,Mauritius,West Matthewmouth,Inglés,empresa
Christina,,,918636344,Malawi,East Matthewview,Inglés,empresa
Jo,Paul,56,97487991050,Saint Martin,Reevesfurt,Inglés,persona
Christian,Watson,70,5717908175,Svalbard & Jan Mayen Islands,Beckerland,Inglés,persona
Tracy,Smith,13,11775848,Somalia,Rachelshire,Inglés,persona
Debbie,,,984736695,Antigua and Barbuda,North John,Inglés,empresa
Kaylee,,,997886790,Ethiopia,Lake Haleyfort,Inglés,empresa
Lindsey,Pace,44,4183874331,Morocco,Sandraberg,Inglés,persona
Anna,,,969467204,Antarctica (the territory South of 60 deg S),North Maryside,Inglés,empresa
Tammy,,,937270744,British Indian Ocean Territory (Chagos Archipelago),Carlsonview,Inglés,empresa
Frank,,,943466290,Kuwait,Stephanieport,Inglés,empresa
Michael,,,984831771,French Polynesia,Jessicahaven,Inglés,empresa
Miguel,Thomas,67,50728475059,Panama,South Cynthia,Inglés,persona
Douglas,Edwards,66,63842975131,Equatorial Guinea,Elizabethfort,Inglés,persona
James,Garcia,78,45077732399,Heard Island and McDonald Islands,Grimesbury,Inglés,persona
Tonya,,,939096573,Ethiopia,Samanthaside,Inglés,empresa
Cody,,,958009514,Montserrat,Changstad,Inglés,empresa
Miguel,,,964023672,Azerbaijan,Jamiehaven,Inglés,empresa
Timothy,Green,60,54906144750,Cocos (Keeling) Islands,Richardsport,Inglés,persona
Timothy,Elliott,65,61250413461,Haiti,Josehaven,Inglés,persona
Kaitlyn,,,973240183,Finland,Leonville,Inglés,empresa
